timestamp,Flow_Rate,Temperature,Vibration,Pressure,RPM,Operational_Hours,Latitude,Longitude,Zone_enc,Block_enc,Pipe_enc,label
2026-03-20T06:43:37.027977,0,21.19,9.56,-0.01,2000,151,-1.9441,30.0619,0,0,0,0
2026-03-20T06:43:39.075992,0,21.19,9.55,-0.01,2000,152,-1.9441,30.0619,0,0,0,0
2026-03-20T06:43:41.131677,0,21.19,9.63,-0.01,2000,153,-1.9441,30.0619,0,0,0,0
2026-03-20T06:43:43.193294,0,21.19,9.55,-0.01,2000,154,-1.9441,30.0619,0,0,0,0
2026-03-20T06:43:45.211714,0,21.19,9.55,-0.01,2000,155,-1.9441,30.0619,0,0,0,0
2026-03-20T06:43:47.370463,0,21.19,9.59,-0.01,2000,156,-1.9441,30.0619,0,0,0,0
2026-03-20T06:43:49.352999,0,21.19,9.56,-0.01,2000,157,-1.9441,30.0619,0,0,0,0
2026-03-20T06:43:51.399049,0,21.19,9.59,-0.01,2000,158,-1.9441,30.0619,0,0,0,0
2026-03-20T06:43:54.076621,0,21.19,9.71,-0.01,2000,159,-1.9441,30.0619,0,0,0,0
2026-03-20T06:43:55.503768,0,21.19,9.63,-0.01,2000,160,-1.9441,30.0619,0,0,0,0
2026-03-20T06:43:57.577831,0.33,21.19,9.59,-0.01,2000,161,-1.9441,30.0619,0,0,0,0
2026-03-20T06:43:59.686895,3,21.19,9.63,-0.01,2000,162,-1.9441,30.0619,0,0,0,0
2026-03-20T06:44:01.680100,2.73,21.19,9.59,-0.01,2000,163,-1.9441,30.0619,0,0,0,0
2026-03-20T06:44:03.736408,2.4,21.13,9.55,-0.01,2000,164,-1.9441,30.0619,0,0,0,0
2026-03-20T06:44:05.793879,2.4,21.13,9.59,-0.01,2000,165,-1.9441,30.0619,0,0,0,0
2026-03-20T06:44:07.861046,2.13,21.13,9.67,-0.01,2000,166,-1.9441,30.0619,0,0,0,0
2026-03-20T06:44:09.895650,2,21.13,9.55,-0.01,2000,167,-1.9441,30.0619,0,0,0,0
2026-03-20T06:44:11.937564,1.93,21.13,9.56,-0.01,2000,168,-1.9441,30.0619,0,0,0,0
2026-03-20T06:44:13.992965,1.87,21.13,9.59,-0.01,2000,169,-1.9441,30.0619,0,0,0,0
2026-03-20T06:44:16.035775,1.87,21.13,9.59,-0.01,2000,170,-1.9441,30.0619,0,0,0,0
2026-03-20T06:44:18.505433,1.8,21.13,9.36,-0.01,2000,171,-1.9441,30.0619,0,0,0,0
2026-03-20T06:44:20.155557,1.8,21.13,9.59,-0.01,2000,172,-1.9441,30.0619,0,0,0,0
2026-03-20T06:44:22.188110,1.8,21.13,9.59,-0.01,2000,173,-1.9441,30.0619,0,0,0,0
2026-03-20T06:44:24.241030,1.73,21.13,9.59,-0.01,2000,174,-1.9441,30.0619,0,0,0,0
2026-03-20T06:44:26.331031,1.73,21.13,9.59,-0.01,2000,175,-1.9441,30.0619,0,0,0,0
2026-03-20T06:44:28.373615,1.67,21.06,9.55,-0.01,2000,176,-1.9441,30.0619,0,0,0,0
2026-03-20T06:44:30.781827,1.67,21.13,9.59,-0.01,2000,177,-1.9441,30.0619,0,0,0,0
2026-03-20T06:44:32.458761,1.6,21.06,9.55,-0.01,2000,178,-1.9441,30.0619,0,0,0,0
2026-03-20T06:44:34.508903,1.6,21.06,9.82,55,2000,179,-1.9441,30.0619,0,0,0,0
2026-03-20T06:44:36.566494,1.6,21.06,9.68,-0.01,2000,180,-1.9441,30.0619,0,0,0,0
2026-03-20T06:44:38.623359,1.6,21.06,9.59,-0.01,2000,181,-1.9441,30.0619,0,0,0,0
2026-03-20T06:44:40.688227,1.6,21.06,9.59,-0.01,2000,182,-1.9441,30.0619,0,0,0,0
2026-03-20T06:44:42.743227,1.67,21.06,9.59,-0.01,2000,183,-1.9441,30.0619,0,0,0,0
2026-03-20T06:44:44.801079,1.6,21.06,9.59,-0.01,2000,184,-1.9441,30.0619,0,0,0,0
2026-03-20T06:44:46.851615,1.6,21.06,9.63,-0.01,2000,185,-1.9441,30.0619,0,0,0,0
2026-03-20T06:44:48.898538,1.6,21.06,9.55,-0.01,2000,186,-1.9441,30.0619,0,0,0,0
2026-03-20T06:44:50.941404,1.6,21.06,9.67,-0.01,2000,187,-1.9441,30.0619,0,0,0,0
2026-03-20T06:44:52.979461,1.6,21.06,9.59,-0.01,2000,188,-1.9441,30.0619,0,0,0,0
2026-03-20T06:44:55.064050,1.6,21.06,9.55,-0.01,2000,189,-1.9441,30.0619,0,0,0,0
2026-03-20T06:44:57.103396,1.6,21.06,9.59,-0.01,2000,190,-1.9441,30.0619,0,0,0,0
2026-03-20T06:44:59.172173,1.6,21.06,9.55,-0.01,2000,191,-1.9441,30.0619,0,0,0,0
2026-03-20T06:45:01.204209,1.6,21.06,9.55,-0.01,2000,192,-1.9441,30.0619,0,0,0,0
2026-03-20T06:45:03.264079,1.6,21.06,9.59,-0.01,2000,193,-1.9441,30.0619,0,0,0,0
2026-03-20T06:45:05.324911,1.6,21.06,9.51,-0.01,2000,194,-1.9441,30.0619,0,0,0,0
2026-03-20T06:45:07.330676,1.6,21.06,9.59,55,2000,195,-1.9441,30.0619,0,0,0,0
2026-03-20T06:45:09.420832,1.53,21.06,9.67,-0.01,2000,196,-1.9441,30.0619,0,0,0,0
2026-03-20T06:45:11.470091,1.6,21.06,9.51,-0.01,2000,197,-1.9441,30.0619,0,0,0,0
2026-03-20T06:45:13.519463,1.6,21.06,9.59,-0.01,2000,198,-1.9441,30.0619,0,0,0,0
2026-03-20T06:45:15.553045,1.6,21.06,9.55,-0.01,2000,199,-1.9441,30.0619,0,0,0,0
2026-03-20T06:45:17.575657,1.6,21.06,9.59,55,2000,200,-1.9441,30.0619,0,0,0,0
2026-03-20T06:45:19.654296,1.6,21.06,9.59,-0.01,2000,201,-1.9441,30.0619,0,0,0,0
2026-03-20T06:45:21.709029,1.6,21.06,9.59,-0.01,2000,202,-1.9441,30.0619,0,0,0,0
2026-03-20T06:45:23.825410,1.6,21.06,9.59,-0.01,2000,203,-1.9441,30.0619,0,0,0,0
2026-03-20T06:45:25.818954,1.6,21.06,9.59,-0.01,2000,204,-1.9441,30.0619,0,0,0,0
2026-03-20T06:45:27.880806,1.53,21.06,9.51,-0.01,2000,205,-1.9441,30.0619,0,0,0,0
2026-03-20T06:45:29.910774,1.53,21.06,9.59,-0.01,2000,206,-1.9441,30.0619,0,0,0,0
2026-03-20T06:45:32.573160,1.53,21.06,9.55,-0.01,2000,207,-1.9441,30.0619,0,0,0,0
2026-03-20T06:45:34.033807,1.53,21.06,9.51,-0.01,2000,208,-1.9441,30.0619,0,0,0,0
2026-03-20T06:45:36.092594,0.6,21.06,9.59,-0.01,2000,209,-1.9441,30.0619,0,0,0,0
2026-03-20T06:45:38.153621,0,21.06,9.59,-0.01,2000,210,-1.9441,30.0619,0,0,0,0
2026-03-20T06:45:40.208262,0,21.06,9.59,-0.01,2000,211,-1.9441,30.0619,0,0,0,0
2026-03-20T06:45:42.256174,0,21.06,9.56,-0.01,2000,212,-1.9441,30.0619,0,0,0,0
2026-03-20T06:45:44.311781,0,21.06,9.59,-0.01,2000,213,-1.9441,30.0619,0,0,0,0
2026-03-20T06:45:46.361315,0,21.13,9.7,-0.01,2000,214,-1.9441,30.0619,0,0,0,0
2026-03-20T06:45:48.414688,0,21.13,9.47,-0.01,2000,215,-1.9441,30.0619,0,0,0,0
2026-03-20T06:45:50.475923,0,21.06,9.59,-0.01,2000,216,-1.9441,30.0619,0,0,0,0
2026-03-20T06:45:52.522996,0,21.06,9.51,-0.01,2000,217,-1.9441,30.0619,0,0,0,0
2026-03-20T06:45:54.575249,0,21.06,9.59,-0.01,2000,218,-1.9441,30.0619,0,0,0,0
2026-03-20T06:45:56.643609,0,21.13,9.59,-0.01,2000,219,-1.9441,30.0619,0,0,0,0
2026-03-20T06:45:58.746960,0,21.13,9.59,-0.01,2000,220,-1.9441,30.0619,0,0,0,0
2026-03-20T06:46:00.738356,0,21.06,9.59,-0.01,2000,221,-1.9441,30.0619,0,0,0,0
2026-03-20T06:46:02.790523,0,21.13,9.56,-0.01,2000,222,-1.9441,30.0619,0,0,0,0
2026-03-20T06:46:05.334880,0,21.13,9.63,-0.01,2000,223,-1.9441,30.0619,0,0,0,0
2026-03-20T06:46:06.890516,0,21.13,9.59,-0.01,2000,224,-1.9441,30.0619,0,0,0,0
2026-03-20T06:46:08.943762,0,21.13,9.63,-0.01,2000,225,-1.9441,30.0619,0,0,0,0
2026-03-20T06:46:14.955885,0,21.13,9.59,-0.01,2000,226,-1.9441,30.0619,0,0,0,0
2026-03-20T06:46:14.956553,0.33,21.13,9.55,-0.01,2000,227,-1.9441,30.0619,0,0,0,0
2026-03-20T06:46:15.247673,3.13,21.13,9.55,-0.01,2000,228,-1.9441,30.0619,0,0,0,0
2026-03-20T06:46:17.142986,2.73,21.13,9.63,-0.01,2000,229,-1.9441,30.0619,0,0,0,0
2026-03-20T06:46:19.186852,2.47,21.19,9.59,-0.01,2000,230,-1.9441,30.0619,0,0,0,0
2026-03-20T06:46:21.285956,2.33,21.19,9.59,-0.01,2000,231,-1.9441,30.0619,0,0,0,0
2026-03-20T06:46:23.266751,2.13,21.13,9.67,-0.01,2000,232,-1.9441,30.0619,0,0,0,0
2026-03-20T06:46:25.328853,1.93,21.13,9.59,-0.01,2000,233,-1.9441,30.0619,0,0,0,0
2026-03-20T06:46:27.373510,1.93,21.19,9.59,-0.01,2000,234,-1.9441,30.0619,0,0,0,0
2026-03-20T06:46:29.788906,1.87,21.19,9.59,-0.01,2000,235,-1.9441,30.0619,0,0,0,0
2026-03-20T06:46:31.472478,1.8,21.19,9.55,-0.01,2000,236,-1.9441,30.0619,0,0,0,0
2026-03-20T06:46:33.514132,1.73,21.19,9.63,83886.07,2000,237,-1.9441,30.0619,0,0,0,0
2026-03-20T06:46:35.571000,1.73,21.19,9.59,-0.01,2000,238,-1.9441,30.0619,0,0,0,0
2026-03-20T06:46:37.641791,1.73,21.19,9.71,55,2000,239,-1.9441,30.0619,0,0,0,0
2026-03-20T06:46:39.660587,1.73,21.19,9.55,-0.01,2000,240,-1.9441,30.0619,0,0,0,0
2026-03-20T06:46:41.693189,1.73,21.19,9.59,55,2000,241,-1.9441,30.0619,0,0,0,0
2026-03-20T06:46:43.745076,1.67,21.25,9.63,-0.01,2000,242,-1.9441,30.0619,0,0,0,0
2026-03-20T06:46:45.842336,1.67,21.19,9.56,55,2000,243,-1.9441,30.0619,0,0,0,0
2026-03-20T06:46:48.404279,1.67,21.19,9.59,-0.01,2000,244,-1.9441,30.0619,0,0,0,0
2026-03-20T06:46:49.906970,1.67,21.25,9.55,55,2000,245,-1.9441,30.0619,0,0,0,0
2026-03-20T06:46:51.995021,1.6,21.25,9.59,-0.01,2000,246,-1.9441,30.0619,0,0,0,0
2026-03-20T06:46:54.008551,1.67,21.25,9.55,-0.01,2000,247,-1.9441,30.0619,0,0,0,0
2026-03-20T06:46:56.063547,1.6,21.25,9.55,55,2000,248,-1.9441,30.0619,0,0,0,0
2026-03-20T06:46:58.109974,1.6,21.25,9.59,-0.01,2000,249,-1.9441,30.0619,0,0,0,0
2026-03-20T06:47:00.153149,1.67,21.25,9.59,-0.01,2000,250,-1.9441,30.0619,0,0,0,0
2026-03-20T06:47:02.204748,1.6,21.31,9.55,55,2000,251,-1.9441,30.0619,0,0,0,0
2026-03-20T06:47:04.255862,1.67,21.31,9.59,-0.01,2000,252,-1.9441,30.0619,0,0,0,0
2026-03-20T06:47:06.312169,1.67,21.31,9.63,-0.01,2000,253,-1.9441,30.0619,0,0,0,0
2026-03-20T06:47:08.351117,1.67,21.31,9.55,55,2000,254,-1.9441,30.0619,0,0,0,0
2026-03-20T06:47:10.397221,1.6,21.31,9.55,55,2000,255,-1.9441,30.0619,0,0,0,0
2026-03-20T06:47:12.438415,1.6,21.31,9.55,-0.01,2000,256,-1.9441,30.0619,0,0,0,0
2026-03-20T06:47:14.503800,1.6,21.31,9.62,55,2000,257,-1.9441,30.0619,0,0,0,0
2026-03-20T06:47:16.543488,1.6,21.38,9.55,55,2000,258,-1.9441,30.0619,0,0,0,0
2026-03-20T06:47:18.577132,1.6,21.38,9.55,-0.01,2000,259,-1.9441,30.0619,0,0,0,0
2026-03-20T06:47:20.645889,1.6,21.38,9.59,-0.01,2000,260,-1.9441,30.0619,0,0,0,0
2026-03-20T06:47:22.723439,1.6,21.38,9.59,55,2000,261,-1.9441,30.0619,0,0,0,0
2026-03-20T06:47:24.746297,1.13,21.38,9.55,55,2000,262,-1.9441,30.0619,0,0,0,0
2026-03-20T06:47:26.774218,0,21.38,9.55,55,2000,263,-1.9441,30.0619,0,0,0,0
2026-03-20T06:47:28.829748,0,21.38,9.59,55,2000,264,-1.9441,30.0619,0,0,0,0
2026-03-20T06:47:30.872967,0,21.38,9.63,55,2000,265,-1.9441,30.0619,0,0,0,0
2026-03-20T06:47:32.911508,0,21.38,9.55,55,2000,266,-1.9441,30.0619,0,0,0,1
2026-03-20T06:47:34.974092,0,21.44,9.59,55,2000,267,-1.9441,30.0619,0,0,0,1
2026-03-20T06:47:37.033122,0,21.44,9.59,55,2000,268,-1.9441,30.0619,0,0,0,1
2026-03-20T06:47:39.069457,0,21.44,9.59,55,2000,269,-1.9441,30.0619,0,0,0,1
2026-03-20T06:47:41.089856,0,21.38,9.6,55,2000,270,-1.9441,30.0619,0,0,0,1
2026-03-20T06:47:43.156647,0.07,21.44,9.55,55,2000,271,-1.9441,30.0619,0,0,0,1
2026-03-20T06:47:45.204509,0.53,21.44,9.59,55,2000,272,-1.9441,30.0619,0,0,0,1
2026-03-20T06:47:47.252023,0.67,21.44,9.59,55,2000,273,-1.9441,30.0619,0,0,0,1
2026-03-20T06:47:49.279684,0.67,21.44,9.7,55,2000,274,-1.9441,30.0619,0,0,0,1
2026-03-20T06:47:54.059351,0.47,21.44,9.59,55,2000,275,-1.9441,30.0619,0,0,0,1
2026-03-20T06:47:54.059888,0.4,21.5,9.59,55,2000,276,-1.9441,30.0619,0,0,0,1
2026-03-20T06:47:55.432287,0.33,21.5,9.55,55,2000,277,-1.9441,30.0619,0,0,0,1
2026-03-20T06:47:57.461426,0.33,21.5,9.59,55,2000,278,-1.9441,30.0619,0,0,0,1
2026-03-20T06:47:59.525443,0.27,21.5,9.59,55,2000,279,-1.9441,30.0619,0,0,0,1
2026-03-20T06:48:01.566163,0.07,21.5,9.63,55,2000,280,-1.9441,30.0619,0,0,0,1
2026-03-20T06:48:03.617791,0,21.5,9.59,-0.02,2000,281,-1.9441,30.0619,0,0,0,1
2026-03-20T06:48:05.664210,0,21.5,9.55,-0.01,2000,282,-1.9441,30.0619,0,0,0,1
2026-03-20T06:48:07.704771,0,21.5,9.59,-0.01,2000,283,-1.9441,30.0619,0,0,0,1
2026-03-20T06:48:09.760852,0.13,21.56,9.55,-0.01,2000,284,-1.9441,30.0619,0,0,0,1
2026-03-20T06:48:11.807285,0.53,21.5,9.55,-0.01,2000,285,-1.9441,30.0619,0,0,0,1
2026-03-20T06:48:13.850742,0.53,21.56,9.63,-0.01,2000,286,-1.9441,30.0619,0,0,0,1
2026-03-20T06:48:15.905224,0.47,21.5,9.55,-0.01,2000,287,-1.9441,30.0619,0,0,0,1
2026-03-20T06:48:17.941782,0.4,21.5,9.59,-0.01,2000,288,-1.9441,30.0619,0,0,0,1
2026-03-20T06:48:19.976725,0.53,21.56,9.55,-0.01,2000,289,-1.9441,30.0619,0,0,0,1
2026-03-20T06:48:22.050388,0.13,21.56,9.56,-0.01,2000,290,-1.9441,30.0619,0,0,0,1
2026-03-20T06:48:24.096949,0,21.56,9.63,-0.01,2000,291,-1.9441,30.0619,0,0,0,1
2026-03-20T06:48:26.127540,0,21.56,9.63,-0.01,2000,292,-1.9441,30.0619,0,0,0,1
2026-03-20T06:48:28.192569,0,21.56,9.59,-0.01,2000,293,-1.9441,30.0619,0,0,0,1
2026-03-20T06:48:30.230927,0,21.63,9.63,-0.01,2000,294,-1.9441,30.0619,0,0,0,1
2026-03-20T06:48:32.299259,0.2,21.63,9.59,-0.01,2000,295,-1.9441,30.0619,0,0,0,1
2026-03-20T06:48:34.345281,0.53,21.56,9.59,-0.01,2000,296,-1.9441,30.0619,0,0,0,1
2026-03-20T06:48:36.391646,0.53,21.63,9.24,-0.01,2000,297,-1.9441,30.0619,0,0,0,1
2026-03-20T06:48:38.442264,0.53,21.63,9.59,-0.01,2000,298,-1.9441,30.0619,0,0,0,1
2026-03-20T06:48:40.493034,0.6,21.63,9.55,-0.01,2000,299,-1.9441,30.0619,0,0,0,1
2026-03-20T06:48:42.547593,0.53,21.63,9.59,-0.01,2000,300,-1.9441,30.0619,0,0,0,1
2026-03-20T06:48:44.637723,0.53,21.63,9.55,-0.01,2000,301,-1.9441,30.0619,0,0,0,1
2026-03-20T06:48:46.645026,0.6,21.63,9.55,-0.01,2000,302,-1.9441,30.0619,0,0,0,1
2026-03-20T06:48:48.684893,0.53,21.63,9.55,-0.01,2000,303,-1.9441,30.0619,0,0,0,1
2026-03-20T06:48:50.750327,0.53,21.63,9.63,-0.01,2000,304,-1.9441,30.0619,0,0,0,1
2026-03-20T06:48:52.797861,0.53,21.63,9.55,-0.01,2000,305,-1.9441,30.0619,0,0,0,1
2026-03-20T06:48:56.776930,0.53,21.63,9.59,-0.01,2000,306,-1.9441,30.0619,0,0,0,1
2026-03-20T06:48:57.138210,0.27,21.69,9.59,-0.01,2000,307,-1.9441,30.0619,0,0,0,1
2026-03-20T06:48:59.760267,0.2,21.69,9.59,-0.01,2000,308,-1.9441,30.0619,0,0,0,1
2026-03-20T06:49:00.992731,0.13,21.63,9.59,-0.01,2000,309,-1.9441,30.0619,0,0,0,1
2026-03-20T06:49:03.033797,0.13,21.69,9.59,-0.01,2000,310,-1.9441,30.0619,0,0,0,1
2026-03-20T06:49:05.086496,0.13,21.69,9.55,-0.01,2000,311,-1.9441,30.0619,0,0,0,1
2026-03-20T06:49:07.120617,0.07,21.69,9.59,-0.01,2000,312,-1.9441,30.0619,0,0,0,1
2026-03-20T06:49:09.182019,0.13,21.69,9.59,-0.01,2000,313,-1.9441,30.0619,0,0,0,1
2026-03-20T06:49:11.228923,0.07,21.69,9.51,-0.01,2000,314,-1.9441,30.0619,0,0,0,1
2026-03-20T06:49:13.277464,0.13,21.69,9.63,-0.01,2000,315,-1.9441,30.0619,0,0,0,1
2026-03-20T06:49:15.321659,0.13,21.69,9.63,-0.01,2000,316,-1.9441,30.0619,0,0,0,1
2026-03-20T06:49:18.397920,0.13,21.69,9.59,-0.01,2000,317,-1.9441,30.0619,0,0,0,1
2026-03-20T06:49:19.416968,0.13,21.69,9.51,-0.01,2000,318,-1.9441,30.0619,0,0,0,1
2026-03-20T06:49:21.460653,0.07,21.69,9.55,-0.01,2000,319,-1.9441,30.0619,0,0,0,1
2026-03-20T06:49:23.508426,0.13,21.75,9.51,-0.01,2000,320,-1.9441,30.0619,0,0,0,1
2026-03-20T06:49:25.558479,0.13,21.75,9.59,-0.01,2000,321,-1.9441,30.0619,0,0,0,1
2026-03-20T06:49:27.603255,0.13,21.75,9.67,-0.01,2000,322,-1.9441,30.0619,0,0,0,1
2026-03-20T06:49:29.644251,0.13,21.75,9.63,-0.01,2000,323,-1.9441,30.0619,0,0,0,1
2026-03-20T06:49:31.690032,0.07,21.75,9.59,-0.01,2000,324,-1.9441,30.0619,0,0,0,1
2026-03-20T06:49:33.730172,0.2,21.75,9.59,-0.01,2000,325,-1.9441,30.0619,0,0,0,1
2026-03-20T06:49:35.785773,0.13,21.75,9.55,-0.01,2000,326,-1.9441,30.0619,0,0,0,1
2026-03-20T06:49:37.843316,0.07,21.75,9.66,-0.01,2000,327,-1.9441,30.0619,0,0,0,1
2026-03-20T06:49:39.887032,0.2,21.75,9.56,-0.01,2000,328,-1.9441,30.0619,0,0,0,1
2026-03-20T06:49:41.929556,0.13,21.75,9.55,-0.01,2000,329,-1.9441,30.0619,0,0,0,1
2026-03-20T06:49:43.982448,0.07,21.75,9.7,-0.01,2000,330,-1.9441,30.0619,0,0,0,1
2026-03-20T06:49:46.076247,0.13,21.75,9.47,-0.01,2000,331,-1.9441,30.0619,0,0,0,1
2026-03-20T06:49:48.081979,0.07,21.81,9.59,-0.01,2000,332,-1.9441,30.0619,0,0,0,1
2026-03-20T06:49:50.131316,0.13,21.75,9.51,-0.01,2000,333,-1.9441,30.0619,0,0,0,1
2026-03-20T06:49:52.179905,0,21.75,9.55,-0.01,2000,334,-1.9441,30.0619,0,0,0,1
2026-03-20T06:49:54.216044,0,21.75,9.59,-0.01,2000,335,-1.9441,30.0619,0,0,0,1
2026-03-20T06:49:56.261005,0,21.81,9.59,-0.01,2000,336,-1.9441,30.0619,0,0,0,1
2026-03-20T06:49:58.317433,0,21.81,9.59,-0.01,2000,337,-1.9441,30.0619,0,0,0,1
2026-03-20T06:50:00.357747,0,21.81,9.59,-0.01,2000,338,-1.9441,30.0619,0,0,0,1
2026-03-20T06:50:02.409677,0,21.81,9.91,-0.01,2000,339,-1.9441,30.0619,0,0,0,1
2026-03-20T06:50:04.440155,0.2,21.81,9.55,-0.01,2000,340,-1.9441,30.0619,0,0,0,1
2026-03-20T06:50:06.505340,0.33,21.81,9.59,-0.01,2000,341,-1.9441,30.0619,0,0,0,1
2026-03-20T06:50:08.552284,0.4,21.81,9.64,-0.01,2000,342,-1.9441,30.0619,0,0,0,1
2026-03-20T06:50:10.602490,0.33,21.81,9.59,-0.01,2000,343,-1.9441,30.0619,0,0,0,1
2026-03-20T06:50:12.639501,0.33,21.81,9.55,-0.01,2000,344,-1.9441,30.0619,0,0,0,1
2026-03-20T06:50:14.941301,0.4,21.81,9.55,-0.01,2000,345,-1.9441,30.0619,0,0,0,1
2026-03-20T06:50:16.741466,0.33,21.81,9.63,-0.01,2000,346,-1.9441,30.0619,0,0,0,1
2026-03-20T06:50:18.794483,0.33,21.81,9.52,-0.01,2000,347,-1.9441,30.0619,0,0,0,1
2026-03-20T06:50:20.840431,0.33,21.81,9.55,-0.01,2000,348,-1.9441,30.0619,0,0,0,1
2026-03-20T06:50:22.884550,0.33,21.81,9.63,-0.01,2000,349,-1.9441,30.0619,0,0,0,1
2026-03-20T06:50:24.936604,0.4,21.81,9.59,-0.01,2000,350,-1.9441,30.0619,0,0,0,1
2026-03-20T06:50:26.985272,0.27,21.81,9.47,-0.01,2000,351,-1.9441,30.0619,0,0,0,1
2026-03-20T06:50:29.031936,0.27,21.81,9.59,-0.01,2000,352,-1.9441,30.0619,0,0,0,1
2026-03-20T06:50:31.081768,0.33,21.81,9.59,-0.01,2000,353,-1.9441,30.0619,0,0,0,1
2026-03-20T06:50:33.128932,0.4,21.88,9.55,-0.01,2000,354,-1.9441,30.0619,0,0,0,1
2026-03-20T06:50:35.161032,0.33,21.81,9.59,-0.01,2000,355,-1.9441,30.0619,0,0,0,1
2026-03-20T06:50:37.213044,0.33,21.81,9.59,-0.01,2000,356,-1.9441,30.0619,0,0,0,1
2026-03-20T06:50:39.251315,0.4,21.88,9.59,-0.01,2000,357,-1.9441,30.0619,0,0,0,1
2026-03-20T06:50:41.314378,0.33,21.88,9.55,55,2000,358,-1.9441,30.0619,0,0,0,1
2026-03-20T06:50:43.357698,0.33,21.81,9.63,55,2000,359,-1.9441,30.0619,0,0,0,1
2026-03-20T06:50:45.407672,1.4,21.88,9.63,-0.01,2000,360,-1.9441,30.0619,0,0,0,1
2026-03-20T06:50:47.455365,0.13,21.88,9.56,-0.01,2000,361,-1.9441,30.0619,0,0,0,1
2026-03-20T06:50:49.501502,0,21.88,9.47,-0.01,2000,362,-1.9441,30.0619,0,0,0,1
2026-03-20T06:50:51.542091,0,21.88,9.56,-0.01,2000,363,-1.9441,30.0619,0,0,0,1
2026-03-20T06:50:53.589265,0,21.88,9.55,55,2000,364,-1.9441,30.0619,0,0,0,1
2026-03-20T06:50:55.637842,0,21.81,9.63,-0.01,2000,365,-1.9441,30.0619,0,0,0,1
2026-03-20T06:50:57.679501,0,21.88,9.51,-0.01,2000,366,-1.9441,30.0619,0,0,0,1
2026-03-20T06:50:59.768325,0,21.88,9.51,-0.01,2000,367,-1.9441,30.0619,0,0,0,1
2026-03-20T06:51:01.795127,0,21.88,9.55,-0.01,2000,368,-1.9441,30.0619,0,0,0,1
2026-03-20T06:51:03.830878,0,21.88,9.55,-0.01,2000,369,-1.9441,30.0619,0,0,0,1
2026-03-20T06:51:05.883176,0,21.88,9.59,-0.01,2000,370,-1.9441,30.0619,0,0,0,1
2026-03-20T06:51:07.927225,0,21.88,9.55,-0.01,2000,371,-1.9441,30.0619,0,0,0,1
2026-03-20T06:51:09.985336,0,21.88,9.59,-0.01,2000,372,-1.9441,30.0619,0,0,0,1
2026-03-20T06:51:12.044888,0,21.88,9.55,-0.01,2000,373,-1.9441,30.0619,0,0,0,1
2026-03-20T06:51:14.068513,0,21.88,9.51,-0.01,2000,374,-1.9441,30.0619,0,0,0,1
2026-03-20T06:51:16.149303,0,21.88,9.55,-0.01,2000,375,-1.9441,30.0619,0,0,0,1
2026-03-20T06:51:18.196876,0,21.88,9.63,-0.01,2000,376,-1.9441,30.0619,0,0,0,1
2026-03-20T06:51:20.253759,0,21.88,9.55,-0.01,2000,377,-1.9441,30.0619,0,0,0,1
2026-03-20T06:51:22.321258,0,21.88,9.59,-0.01,2000,378,-1.9441,30.0619,0,0,0,1
2026-03-20T06:51:24.366200,0,21.88,9.59,-0.01,2000,379,-1.9441,30.0619,0,0,0,1
2026-03-20T06:51:26.412640,0,21.88,9.55,-0.01,2000,380,-1.9441,30.0619,0,0,0,1
2026-03-20T06:51:28.469961,0,21.88,9.59,-0.01,2000,381,-1.9441,30.0619,0,0,0,1
2026-03-20T06:51:30.527282,0,21.88,9.59,-0.01,2000,382,-1.9441,30.0619,0,0,0,1
2026-03-20T06:51:32.579738,0,21.88,9.6,-0.01,2000,383,-1.9441,30.0619,0,0,0,1
2026-03-20T06:51:34.636159,0,21.94,9.59,-0.01,2000,384,-1.9441,30.0619,0,0,0,1
2026-03-20T06:51:36.680362,0.47,21.88,9.59,-0.01,2000,385,-1.9441,30.0619,0,0,0,1
2026-03-20T06:51:38.732678,0.87,21.88,9.55,-0.01,2000,386,-1.9441,30.0619,0,0,0,1
2026-03-20T06:51:40.789068,0.6,21.88,9.59,-0.01,2000,387,-1.9441,30.0619,0,0,0,1
2026-03-20T06:51:42.838928,0.6,21.94,9.51,-0.01,2000,388,-1.9441,30.0619,0,0,0,1
2026-03-20T06:51:44.885632,0.6,21.94,9.56,-0.01,2000,389,-1.9441,30.0619,0,0,0,1
2026-03-20T06:51:46.938534,0.53,21.88,9.59,-0.01,2000,390,-1.9441,30.0619,0,0,0,1
2026-03-20T06:51:48.975874,0.67,21.88,9.63,-0.01,2000,391,-1.9441,30.0619,0,0,0,1
2026-03-20T06:51:51.033900,0.6,21.88,9.59,-0.01,2000,392,-1.9441,30.0619,0,0,0,1
2026-03-20T06:51:53.098315,0.67,21.88,9.59,-0.01,2000,393,-1.9441,30.0619,0,0,0,1
2026-03-20T06:51:55.153385,0.67,21.94,9.59,-0.01,2000,394,-1.9441,30.0619,0,0,0,1
2026-03-20T06:51:58.457603,0.67,21.88,9.36,-0.01,2000,395,-1.9441,30.0619,0,0,0,1
2026-03-20T06:51:59.245802,0.6,21.94,9.67,-0.01,2000,396,-1.9441,30.0619,0,0,0,1
2026-03-20T06:52:01.310062,0.47,21.94,9.63,-0.01,2000,397,-1.9441,30.0619,0,0,0,1
2026-03-20T06:52:03.359363,0.47,21.88,9.55,-0.01,2000,398,-1.9441,30.0619,0,0,0,1
2026-03-20T06:52:05.411918,0.47,21.94,9.55,-0.01,2000,399,-1.9441,30.0619,0,0,0,1
2026-03-20T06:52:07.531442,0.47,21.94,9.59,-0.01,2000,400,-1.9441,30.0619,0,0,0,1
2026-03-20T06:52:09.596138,0.47,21.94,9.55,-0.01,2000,401,-1.9441,30.0619,0,0,0,1
2026-03-20T06:52:12.314759,0.47,21.94,9.67,-0.01,2000,402,-1.9441,30.0619,0,0,0,1
2026-03-20T06:52:13.641552,0.47,21.94,9.55,-0.01,2000,403,-1.9441,30.0619,0,0,0,1
2026-03-20T06:52:15.679906,0.47,21.94,9.67,-0.01,2000,404,-1.9441,30.0619,0,0,0,1
2026-03-20T06:52:17.722592,0.47,21.88,9.63,-0.01,2000,405,-1.9441,30.0619,0,0,0,1
2026-03-20T06:52:19.776066,0.47,21.94,9.51,-0.01,2000,406,-1.9441,30.0619,0,0,0,1
2026-03-20T06:52:21.838548,0.47,21.94,9.55,-0.01,2000,407,-1.9441,30.0619,0,0,0,1
2026-03-20T06:52:23.882888,0.47,21.94,9.59,-0.01,2000,408,-1.9441,30.0619,0,0,0,1
2026-03-20T06:52:25.943964,0.47,21.88,9.55,-0.01,2000,409,-1.9441,30.0619,0,0,0,1
2026-03-20T06:52:27.992441,0.47,21.88,9.59,-0.01,2000,410,-1.9441,30.0619,0,0,0,1
2026-03-20T06:52:30.049566,0.47,21.94,9.59,-0.01,2000,411,-1.9441,30.0619,0,0,0,1
2026-03-20T06:52:32.100051,0.47,21.94,9.59,-0.01,2000,412,-1.9441,30.0619,0,0,0,1
2026-03-20T06:52:34.138420,0.47,21.94,9.55,-0.01,2000,413,-1.9441,30.0619,0,0,0,1
2026-03-20T06:52:36.205683,0.47,21.94,9.59,-0.01,2000,414,-1.9441,30.0619,0,0,0,1
2026-03-20T06:52:38.238506,0.47,21.94,9.59,-0.01,2000,415,-1.9441,30.0619,0,0,0,1
2026-03-20T06:52:40.293668,0.47,21.94,9.6,-0.01,2000,416,-1.9441,30.0619,0,0,0,1
2026-03-20T06:52:42.350983,0.47,21.94,9.63,-0.01,2000,417,-1.9441,30.0619,0,0,0,1
2026-03-20T06:52:44.403029,0.47,21.94,9.59,-0.01,2000,418,-1.9441,30.0619,0,0,0,1
2026-03-20T06:52:46.455947,0.47,21.94,9.55,-0.01,2000,419,-1.9441,30.0619,0,0,0,1
2026-03-20T06:52:48.645047,0.47,21.94,9.55,-0.01,2000,420,-1.9441,30.0619,0,0,0,1
2026-03-20T06:52:50.557572,0.47,21.94,9.63,-0.01,2000,421,-1.9441,30.0619,0,0,0,1
2026-03-20T06:52:52.646510,0.47,21.94,9.63,-0.01,2000,422,-1.9441,30.0619,0,0,0,1
2026-03-20T06:52:54.677639,0.47,21.94,9.55,-0.01,2000,423,-1.9441,30.0619,0,0,0,1
2026-03-20T06:52:56.723803,0.47,21.94,9.59,-0.01,2000,424,-1.9441,30.0619,0,0,0,1
2026-03-20T06:52:58.753539,0.47,21.94,9.63,-0.01,2000,425,-1.9441,30.0619,0,0,0,1
2026-03-20T06:53:00.817313,0.53,21.94,9.55,-0.01,2000,426,-1.9441,30.0619,0,0,0,1
2026-03-20T06:53:06.859330,0.53,21.94,9.59,-0.01,2000,427,-1.9441,30.0619,0,0,0,1
2026-03-20T06:53:06.859840,0.53,21.94,9.55,-0.01,2000,428,-1.9441,30.0619,0,0,0,1
2026-03-20T06:53:07.176686,0.53,21.94,9.59,-0.01,2000,429,-1.9441,30.0619,0,0,0,1
2026-03-20T06:53:09.007137,0.53,21.94,9.51,-0.01,2000,430,-1.9441,30.0619,0,0,0,1
2026-03-20T06:53:11.057836,0.6,21.94,9.55,-0.01,2000,431,-1.9441,30.0619,0,0,0,1
2026-03-20T06:53:13.091497,0.53,21.94,9.51,-0.01,2000,432,-1.9441,30.0619,0,0,0,1
2026-03-20T06:53:15.320896,0.53,21.88,9.59,-0.01,2000,433,-1.9441,30.0619,0,0,0,1
2026-03-20T06:53:17.183904,0.53,21.88,9.59,-0.01,2000,434,-1.9441,30.0619,0,0,0,1
2026-03-20T06:53:24.806012,0.53,21.94,9.59,55,2000,435,-1.9441,30.0619,0,0,0,1
2026-03-20T06:53:24.806547,0.53,21.94,9.59,55,2000,436,-1.9441,30.0619,0,0,0,1
2026-03-20T06:53:24.806931,0.53,21.88,9.51,-0.01,2000,437,-1.9441,30.0619,0,0,0,1
2026-03-20T06:53:25.386353,0.53,21.88,9.55,-0.01,2000,438,-1.9441,30.0619,0,0,0,1
2026-03-20T06:53:27.443728,0.53,21.94,9.59,55,2000,439,-1.9441,30.0619,0,0,0,1
2026-03-20T06:53:29.467541,0.53,21.94,9.55,55,2000,440,-1.9441,30.0619,0,0,0,1
2026-03-20T06:53:31.513468,0.53,21.94,9.59,55,2000,441,-1.9441,30.0619,0,0,0,1
2026-03-20T06:53:33.565789,0.53,21.94,9.59,55,2000,442,-1.9441,30.0619,0,0,0,1
2026-03-20T06:53:35.615445,0.53,21.94,9.59,55,2000,443,-1.9441,30.0619,0,0,0,1
2026-03-20T06:53:37.670561,0.53,21.94,9.59,55,2000,444,-1.9441,30.0619,0,0,0,1
2026-03-20T06:53:39.701445,0.47,21.88,9.63,55,2000,445,-1.9441,30.0619,0,0,0,1
2026-03-20T06:53:41.762632,0.47,21.88,9.59,55,2000,446,-1.9441,30.0619,0,0,0,1
2026-03-20T06:53:43.818337,0.53,21.88,9.63,55,2000,447,-1.9441,30.0619,0,0,0,1
2026-03-20T06:53:45.848896,0.67,21.94,9.52,55,2000,448,-1.9441,30.0619,0,0,0,1
2026-03-20T06:53:47.889106,0.67,21.94,9.55,55,2000,449,-1.9441,30.0619,0,0,0,1
2026-03-20T06:53:49.953272,0.67,21.88,9.59,55,2000,450,-1.9441,30.0619,0,0,0,1
2026-03-20T06:53:51.997306,0.73,21.94,9.67,55,2000,451,-1.9441,30.0619,0,0,0,1
2026-03-20T06:53:54.045379,0.73,21.94,9.55,55,2000,452,-1.9441,30.0619,0,0,0,1
2026-03-20T06:53:56.079927,0.73,21.94,9.59,55,2000,453,-1.9441,30.0619,0,0,0,1
2026-03-20T06:53:58.133206,0.73,21.88,9.55,55,2000,454,-1.9441,30.0619,0,0,0,1
2026-03-20T06:54:00.166711,0.73,21.94,9.63,55,2000,455,-1.9441,30.0619,0,0,0,1
2026-03-20T06:54:02.225316,0.67,21.94,9.59,55,2000,456,-1.9441,30.0619,0,0,0,1
2026-03-20T06:54:04.276419,0.73,21.88,9.48,-0.01,2000,457,-1.9441,30.0619,0,0,0,1
2026-03-20T06:54:08.526446,0.4,21.94,9.67,55,2000,458,-1.9441,30.0619,0,0,0,1
2026-03-20T06:54:08.918438,0,21.88,9.63,55,2000,459,-1.9441,30.0619,0,0,0,1
2026-03-20T06:54:10.406104,0,21.88,9.55,-0.01,2000,460,-1.9441,30.0619,0,0,0,1
2026-03-20T06:54:12.560522,0,21.94,9.59,55,2000,461,-1.9441,30.0619,0,0,0,1
2026-03-20T06:54:14.514542,0.07,21.88,9.66,-0.01,2000,462,-1.9441,30.0619,0,0,0,1
2026-03-20T06:54:16.568200,0,21.94,9.55,-0.01,2000,463,-1.9441,30.0619,0,0,0,1
2026-03-20T06:54:18.694793,0,21.88,9.59,55,2000,464,-1.9441,30.0619,0,0,0,1
2026-03-20T06:54:20.662148,0,21.88,9.59,55,2000,465,-1.9441,30.0619,0,0,0,1
2026-03-20T06:54:22.721410,0,21.94,9.59,-0.01,2000,466,-1.9441,30.0619,0,0,0,1
2026-03-20T06:54:24.917445,0,21.88,9.55,55,2000,467,-1.9441,30.0619,0,0,0,1
2026-03-20T06:54:27.447211,0,21.88,9.55,55,2000,468,-1.9441,30.0619,0,0,0,1
2026-03-20T06:54:28.864414,0,21.88,9.78,55,2000,469,-1.9441,30.0619,0,0,0,1
2026-03-20T06:54:30.892347,0,21.88,9.55,55,2000,470,-1.9441,30.0619,0,0,0,1
2026-03-20T06:54:32.948035,0,21.88,9.59,55,2000,471,-1.9441,30.0619,0,0,0,1
2026-03-20T06:54:34.978377,0,21.88,9.63,-0.01,2000,472,-1.9441,30.0619,0,0,0,1
2026-03-20T06:54:38.527289,0,21.88,9.55,-0.01,2000,473,-1.9441,30.0619,0,0,0,1
2026-03-20T06:54:39.089082,0,21.88,9.55,55,2000,474,-1.9441,30.0619,0,0,0,1
2026-03-20T06:54:41.125161,0,21.88,9.59,55,2000,475,-1.9441,30.0619,0,0,0,1
2026-03-20T06:54:43.432141,0,21.88,9.55,55,2000,476,-1.9441,30.0619,0,0,0,1
2026-03-20T06:54:45.212669,0,21.88,9.59,55,2000,477,-1.9441,30.0619,0,0,0,1
2026-03-20T06:54:47.274935,0,21.88,9.55,-0.01,2000,478,-1.9441,30.0619,0,0,0,1
2026-03-20T06:54:49.324751,0,21.88,9.59,55,2000,479,-1.9441,30.0619,0,0,0,1
2026-03-20T06:54:51.359985,0,21.88,9.55,55,2000,480,-1.9441,30.0619,0,0,0,1
2026-03-20T06:54:53.972227,0,21.94,9.59,55,2000,481,-1.9441,30.0619,0,0,0,1
2026-03-20T06:54:55.463803,0.07,21.94,9.55,-0.01,2000,482,-1.9441,30.0619,0,0,0,1
2026-03-20T06:54:57.506456,0.67,21.88,9.55,-0.01,2000,483,-1.9441,30.0619,0,0,0,1
2026-03-20T06:54:59.577957,0.73,21.88,9.56,55,2000,484,-1.9441,30.0619,0,0,0,1
2026-03-20T06:55:01.612242,0.67,21.94,9.55,55,2000,485,-1.9441,30.0619,0,0,0,1
2026-03-20T06:55:03.674689,0.4,21.88,9.59,-0.01,2000,486,-1.9441,30.0619,0,0,0,1
2026-03-20T06:55:05.714186,0.33,21.88,9.67,55,2000,487,-1.9441,30.0619,0,0,0,1
2026-03-20T06:55:07.777935,0.33,21.88,9.55,55,2000,488,-1.9441,30.0619,0,0,0,1
2026-03-20T06:55:09.820693,0.33,21.94,9.57,-0.01,2000,489,-1.9441,30.0619,0,0,0,1
2026-03-20T06:55:11.977616,0.33,21.88,9.51,55,2000,490,-1.9441,30.0619,0,0,0,1
2026-03-20T06:55:14.076890,0.33,21.88,9.63,55,2000,491,-1.9441,30.0619,0,0,0,1
2026-03-20T06:55:15.943112,0.4,21.94,9.59,55,2000,492,-1.9441,30.0619,0,0,0,1
2026-03-20T06:55:17.985455,0.33,21.88,9.59,55,2000,493,-1.9441,30.0619,0,0,0,1
2026-03-20T06:55:20.049199,0.4,21.88,9.59,55,2000,494,-1.9441,30.0619,0,0,0,1
2026-03-20T06:55:22.083554,0.33,21.88,9.59,-0.01,2000,495,-1.9441,30.0619,0,0,0,1
2026-03-20T06:55:24.133243,0.4,21.88,9.6,-0.01,2000,496,-1.9441,30.0619,0,0,0,1
2026-03-20T06:55:26.207921,0.4,21.88,9.55,-0.01,2000,497,-1.9441,30.0619,0,0,0,1
2026-03-20T06:55:28.232801,0.33,21.94,9.55,55,2000,498,-1.9441,30.0619,0,0,0,1
2026-03-20T06:55:30.299008,0.4,21.88,9.59,55,2000,499,-1.9441,30.0619,0,0,0,1
2026-03-20T06:55:32.346280,0.33,21.88,9.55,55,2000,500,-1.9441,30.0619,0,0,0,1
2026-03-20T06:55:34.431309,0.33,21.88,9.48,55,2000,501,-1.9441,30.0619,0,0,0,1
2026-03-20T06:55:36.422197,0.4,21.88,9.55,55,2000,502,-1.9441,30.0619,0,0,0,1
2026-03-20T06:55:38.488015,0.33,21.88,9.56,55,2000,503,-1.9441,30.0619,0,0,0,1
2026-03-20T06:55:40.519559,0.33,21.88,9.59,55,2000,504,-1.9441,30.0619,0,0,0,1
2026-03-20T06:55:42.565961,0.33,21.88,9.63,-0.01,2000,505,-1.9441,30.0619,0,0,0,1
2026-03-20T06:55:44.621084,0.4,21.88,9.63,55,2000,506,-1.9441,30.0619,0,0,0,1
2026-03-20T06:55:46.682175,0.33,21.88,9.52,55,2000,507,-1.9441,30.0619,0,0,0,1
2026-03-20T06:55:48.721606,0.33,21.88,9.67,-0.01,2000,508,-1.9441,30.0619,0,0,0,1
2026-03-20T06:55:50.787867,0.4,21.88,9.67,55,2000,509,-1.9441,30.0619,0,0,0,1
2026-03-20T06:55:52.836490,0.33,21.88,9.59,-0.01,2000,510,-1.9441,30.0619,0,0,0,1
2026-03-20T06:55:54.897136,0.33,21.88,9.55,55,2000,511,-1.9441,30.0619,0,0,0,1
2026-03-20T06:55:56.933870,0.33,21.88,9.55,-0.01,2000,512,-1.9441,30.0619,0,0,0,1
2026-03-20T06:55:58.965928,0.4,21.88,9.56,55,2000,513,-1.9441,30.0619,0,0,0,1
2026-03-20T06:56:01.040210,0.33,21.88,9.55,-0.01,2000,514,-1.9441,30.0619,0,0,0,1
2026-03-20T06:56:03.082332,0.4,21.88,9.63,55,2000,515,-1.9441,30.0619,0,0,0,1
2026-03-20T06:56:05.135198,0.33,21.88,9.55,-0.01,2000,516,-1.9441,30.0619,0,0,0,1
2026-03-20T06:56:07.180034,0.33,21.88,9.55,55,2000,517,-1.9441,30.0619,0,0,0,1
2026-03-20T06:56:09.242116,0.33,21.88,9.51,-0.01,2000,518,-1.9441,30.0619,0,0,0,1
2026-03-20T06:56:11.283705,0.33,21.88,9.59,55,2000,519,-1.9441,30.0619,0,0,0,1
2026-03-20T06:56:13.341263,0.33,21.88,9.63,-0.01,2000,520,-1.9441,30.0619,0,0,0,1
2026-03-20T06:56:15.382103,0.4,21.88,9.67,55,2000,521,-1.9441,30.0619,0,0,0,1
2026-03-20T06:56:17.437331,0.33,21.88,9.59,-0.01,2000,522,-1.9441,30.0619,0,0,0,1
2026-03-20T06:56:19.552852,0.33,21.88,9.59,-0.01,2000,523,-1.9441,30.0619,0,0,0,1
2026-03-20T06:56:21.530382,0.27,21.88,9.59,-0.01,2000,524,-1.9441,30.0619,0,0,0,1
2026-03-20T06:56:23.573948,0.33,21.88,9.56,55,2000,525,-1.9441,30.0619,0,0,0,1
2026-03-20T06:56:25.634442,0.33,21.88,9.59,-0.01,2000,526,-1.9441,30.0619,0,0,0,1
2026-03-20T06:56:27.680922,0.13,21.88,9.59,55,2000,527,-1.9441,30.0619,0,0,0,1
2026-03-20T06:56:29.786150,0,21.88,9.63,-0.01,2000,528,-1.9441,30.0619,0,0,0,1
2026-03-20T06:56:31.772718,0,21.88,9.59,55,2000,529,-1.9441,30.0619,0,0,0,1
2026-03-20T06:56:33.807793,0,21.88,9.99,-0.01,2000,530,-1.9441,30.0619,0,0,0,1
2026-03-20T06:56:36.330138,0,21.88,9.51,55,2000,531,-1.9441,30.0619,0,0,0,1
2026-03-20T06:56:38.123532,0,21.88,9.59,-0.01,2000,532,-1.9441,30.0619,0,0,0,1
2026-03-20T06:56:39.966181,0,21.88,9.67,-0.01,2000,533,-1.9441,30.0619,0,0,0,1
2026-03-20T06:56:42.014794,0,21.88,9.49,55,2000,534,-1.9441,30.0619,0,0,0,1
2026-03-20T06:56:44.062331,0,21.88,9.76,55,2000,535,-1.9441,30.0619,0,0,0,1
2026-03-20T06:56:46.127272,0,21.81,9.55,-0.01,2000,536,-1.9441,30.0619,0,0,0,1
2026-03-20T06:56:48.174185,0,21.88,9.79,55,2000,537,-1.9441,30.0619,0,0,0,1
2026-03-20T06:56:50.212165,0,21.88,9.55,55,2000,538,-1.9441,30.0619,0,0,0,1
